{
    "type": "exnihilosequentia:sieve",
    "rolls": [
        {
            "chance": 0.01,
            "mesh": "iron"
        },
        {
            "chance": 0.04,
            "mesh": "diamond"
        },
        {
            "chance": 0.05,
            "mesh": "emerald"
        },
        {
            "chance": 0.08,
            "mesh": "netherite"
        }
    ],
    "input": {
        "item":"exnihilosequentia:dust"
    },
    "result": {
        "item": "draconicevolution:draconium_dust"
    },
    "waterlogged": false

}