{
    "type": "exnihilosequentia:sieve",
    "rolls": [
        {
            "chance": 0.15,
            "mesh": "iron"
        },
        {
            "chance": 0.3,
            "mesh": "diamond"
        },
        {
            "chance": 0.35,
            "mesh": "emerald"
        },
        {
            "chance": 0.4,
            "mesh": "netherite"
        }
    ],
    "input": {
        "item":"exnihilosequentia:crushed_end_stone"
    },
    "result": {
        "item": "draconicevolution:draconium_dust"
    },
    "waterlogged": false

}